ID_Persona,Nombre,FechaNacimiento,Email,Genero,Ciudad,Pais
1,Dorian Bote,2000-09-18,dbote0@xinhuanet.com,Male,Nashville,United States
2,Jo ann Collerd,1997-02-01,jann1@sitemeter.com,Female,Grand Rapids,United States
3,Aldwin Tarte,1999-03-18,atarte2@networkadvertising.org,Male,Knoxville,United States
4,Abbey Glendinning,1997-10-02,aglendinning3@mediafire.com,Male,Huntington Beach,United States
5,Karita Stiegers,1998-11-13,kstiegers4@google.com,Female,Oakland,United States
6,Saw Beggan,2000-04-03,sbeggan5@gnu.org,Male,Farmington,United States
7,Shepherd Blanque,1997-04-23,sblanque6@msn.com,Male,Chicago,United States
8,Martguerita Whettleton,1999-10-20,mwhettleton7@behance.net,Female,Inglewood,United States
9,Levi Brunelli,1998-05-30,lbrunelli8@google.com,Male,Jacksonville,United States
10,Deanna Mattiuzzi,1998-09-02,dmattiuzzi9@amazon.de,Female,Sacramento,United States
11,Carmine Lanchbury,1996-09-21,clanchburya@usnews.com,Male,Santa Monica,United States
12,Yorgo Kelmere,1995-12-29,ykelmereb@miibeian.gov.cn,Male,Paterson,United States
13,Ikey McGeagh,1997-12-16,imcgeaghc@who.int,Male,Charlotte,United States
14,Robena Pawnsford,1999-11-09,rpawnsfordd@businessinsider.com,Female,Indianapolis,United States
15,Cletis Berston,1999-06-08,cberstone@facebook.com,Male,Houston,United States
16,Ardra Valentim,1997-12-06,avalentimf@surveymonkey.com,Female,San Diego,United States
17,Brandea Greenland,1995-12-28,bgreenlandg@google.de,Female,San Rafael,United States
18,Arvie Tooze,2000-03-05,atoozeh@slideshare.net,Male,Colorado Springs,United States
19,Raeann Blackford,1997-09-04,rblackfordi@wikipedia.org,Female,San Francisco,United States
20,Matty Yablsley,2000-03-17,myablsleyj@digg.com,Male,Omaha,United States
21,Elisha Baskett,1998-07-11,ebaskettk@last.fm,Female,Tallahassee,United States
22,Maud De L'Isle,1998-12-20,mdel@economist.com,Female,Arlington,United States
23,Sholom Laskey,1996-05-09,slaskeym@ca.gov,Male,Sparks,United States
24,Mark Kemsley,1998-05-23,mkemsleyn@stanford.edu,Male,Biloxi,United States
25,Tiertza Scud,1996-05-18,tscudo@umn.edu,Female,Salt Lake City,United States
26,Pattie Cristea,1998-05-05,pcristeap@wikispaces.com,Male,Inglewood,United States
27,Burty Alders,1997-11-06,baldersq@i2i.jp,Male,Columbus,United States
28,Ethan Jepensen,1998-01-08,ejepensenr@comsenz.com,Male,Washington,United States
29,Helaina Missenden,2000-09-14,hmissendens@linkedin.com,Female,Columbus,United States
30,Rosalia Smallcombe,1995-11-06,rsmallcombet@cornell.edu,Female,San Francisco,United States
31,Luciano Lidgely,1998-11-25,llidgelyu@blinklist.com,Male,Philadelphia,United States
32,Niccolo Blunsen,1996-05-31,nblunsenv@nhs.uk,Male,Sunnyvale,United States
33,Hewie Purchall,1996-03-22,hpurchallw@discovery.com,Male,Minneapolis,United States
34,Malinda Bygraves,1996-10-01,mbygravesx@livejournal.com,Female,Corona,United States
35,Oby Stollwerk,2000-03-08,ostollwerky@statcounter.com,Male,Jacksonville,United States
36,Cordie Dewsnap,1995-12-14,cdewsnapz@walmart.com,Female,Greensboro,United States
37,Norby Amner,1996-09-24,namner10@joomla.org,Male,Salt Lake City,United States
38,Mikkel Treleven,1998-11-02,mtreleven11@paginegialle.it,Male,Erie,United States
39,Evelina Lankester,1998-08-21,elankester12@yahoo.com,Female,Raleigh,United States
40,Chrysler Martel,1995-11-23,cmartel13@sogou.com,Female,Amarillo,United States
41,Taite Bladen,1997-06-15,tbladen14@google.com.au,Male,Shreveport,United States
42,Gothart Nelius,1999-10-27,gnelius15@dot.gov,Male,Saint Augustine,United States
43,Celestyna Jennaway,1999-03-21,cjennaway16@kickstarter.com,Female,Philadelphia,United States
44,Marlin Eathorne,1998-01-06,meathorne17@github.com,Male,San Jose,United States
45,Sarina McLoughlin,2000-01-24,smcloughlin18@chicagotribune.com,Female,Syracuse,United States
46,Ilaire Ebhardt,1997-09-01,iebhardt19@newyorker.com,Male,Cincinnati,United States
47,Salvador Stain,1997-06-02,sstain1a@army.mil,Male,Buffalo,United States
48,Karon Margrett,1998-11-13,kmargrett1b@sina.com.cn,Female,Madison,United States
49,Lusa Wiltshear,2000-04-29,lwiltshear1c@theatlantic.com,Female,El Paso,United States
50,Robin Wooland,1996-07-31,rwooland1d@msu.edu,Female,Macon,United States
51,Charo Cossentine,1999-11-03,ccossentine1e@wikia.com,Female,Round Rock,United States
52,Kerrill Hallagan,1998-12-01,khallagan1f@sourceforge.net,Female,Newark,United States
53,Trevar Duly,1996-12-12,tduly1g@slashdot.org,Male,Springfield,United States
54,Carolyne Figgen,1996-07-19,cfiggen1h@i2i.jp,Female,Grand Junction,United States
55,Rriocard Aleksich,1997-08-03,raleksich1i@blogtalkradio.com,Male,Miami,United States
56,Tammi Kindell,1998-09-26,tkindell1j@facebook.com,Female,Baltimore,United States
57,Drucy Folke,1995-12-08,dfolke1k@yelp.com,Female,Richmond,United States
58,Araldo Midden,1997-02-14,amidden1l@wordpress.org,Male,Saint Louis,United States
59,Dolorita Zimmerman,1997-12-04,dzimmerman1m@wordpress.org,Female,Boston,United States
60,Sibyl Tunstall,1997-05-01,stunstall1n@ameblo.jp,Female,Milwaukee,United States
61,Kirstin Redrup,1996-10-26,kredrup1o@a8.net,Female,Roanoke,United States
62,Ritchie Blanckley,1999-08-24,rblanckley1p@wsj.com,Male,Minneapolis,United States
63,Hermine Mapp,1997-04-29,hmapp1q@weibo.com,Female,Oklahoma City,United States
64,Maryjane Nice,1996-10-06,mnice1r@freewebs.com,Female,Sacramento,United States
65,Anatola Atwill,1998-01-28,aatwill1s@blogspot.com,Female,Chicago,United States
66,Cam Hawkslee,1998-03-12,chawkslee1t@deviantart.com,Female,Seattle,United States
67,Meta Armfield,1998-04-07,marmfield1u@amazon.com,Female,Omaha,United States
68,Kimbell Brockley,1998-05-14,kbrockley1v@google.de,Male,Springfield,United States
69,Gusella Ellens,1998-12-11,gellens1w@prnewswire.com,Female,Jefferson City,United States
70,Hershel Towe,1996-09-14,htowe1x@blogtalkradio.com,Male,Tampa,United States
71,Gwendolen Voisey,1997-04-03,gvoisey1y@soup.io,Female,Fort Myers,United States
72,Matilde Gruszecki,1999-03-21,mgruszecki1z@comsenz.com,Female,Youngstown,United States
73,Seline Graalman,1995-12-16,sgraalman20@behance.net,Female,Dallas,United States
74,Wadsworth Catcherside,1996-05-26,wcatcherside21@wiley.com,Male,Rochester,United States
75,Wittie Denecamp,1998-06-27,wdenecamp22@cdbaby.com,Male,Champaign,United States
76,Davey McCreagh,1999-10-02,dmccreagh23@fema.gov,Male,Washington,United States
77,Marys Eldrett,1998-09-03,meldrett24@tamu.edu,Female,Decatur,United States
78,Marlee Redford,1998-02-06,mredford25@indiegogo.com,Female,Tempe,United States
79,Marni McKinless,1997-06-07,mmckinless26@who.int,Female,Denver,United States
80,Ray Wigmore,2000-06-30,rwigmore27@t.co,Female,Melbourne,United States
81,Baryram Deaves,2000-09-11,bdeaves28@issuu.com,Male,Austin,United States
82,Judon Asling,1996-08-02,jasling29@lulu.com,Male,Denton,United States
83,Chrystel Delyth,1997-03-20,cdelyth2a@g.co,Female,Charlotte,United States
84,Maximo Twede,1998-10-20,mtwede2b@buzzfeed.com,Male,New Orleans,United States
85,Jermaine Penquet,2000-09-20,jpenquet2c@edublogs.org,Male,Corona,United States
86,Alvinia Tomet,1996-10-22,atomet2d@chicagotribune.com,Female,Chicago,United States
87,Emerson Vlasyev,1996-11-15,evlasyev2e@constantcontact.com,Male,Odessa,United States
88,Joeann Attard,1996-02-01,jattard2f@globo.com,Female,Los Angeles,United States
89,Dillon O'Mahoney,2000-02-16,domahoney2g@howstuffworks.com,Male,Dayton,United States
90,Broderic Ajam,2000-08-26,bajam2h@dailymail.co.uk,Male,Charlotte,United States
91,Isa Condliffe,1999-09-01,icondliffe2i@nsw.gov.au,Female,Cleveland,United States
92,Garik Weth,1999-02-09,gweth2j@foxnews.com,Male,Chicago,United States
93,Phip Figgs,1998-10-13,pfiggs2k@wp.com,Male,Orange,United States
94,Karita Edworthye,2000-07-20,kedworthye2l@vistaprint.com,Female,Harrisburg,United States
95,Westleigh Weild,1999-03-04,wweild2m@deliciousdays.com,Male,Hartford,United States
96,Deina Sterre,1996-09-18,dsterre2n@businessinsider.com,Female,Shawnee Mission,United States
97,Eda Filipovic,1997-03-30,efilipovic2o@google.ca,Female,Colorado Springs,United States
98,Amil Cicconettii,1996-02-28,acicconettii2p@techcrunch.com,Female,Richmond,United States
99,Tye Espinal,1996-11-11,tespinal2q@ebay.co.uk,Male,Carlsbad,United States
100,Arlina MacKimm,1999-01-06,amackimm2r@liveinternet.ru,Female,El Paso,United States
101,Marquita Danilchenko,2000-07-10,mdanilchenko2s@sun.com,Female,San Diego,United States
102,Blithe Fayter,1999-06-07,bfayter2t@twitter.com,Female,Youngstown,United States
103,Vickie Mizzi,1996-08-01,vmizzi2u@dailymotion.com,Female,Racine,United States
104,Elwyn Pendrey,1998-12-01,ependrey2v@booking.com,Male,Salt Lake City,United States
105,Christel Ebertz,1999-01-20,cebertz2w@twitpic.com,Female,Alhambra,United States
106,Dniren Kevern,2000-08-19,dkevern2x@phoca.cz,Female,Knoxville,United States
107,Tuck Deniseau,1999-11-12,tdeniseau2y@github.io,Male,Lexington,United States
108,Hali Rowley,1996-10-15,hrowley2z@ucoz.com,Female,Charlotte,United States
109,Cher Fernyhough,1996-12-17,cfernyhough30@cpanel.net,Female,Tampa,United States
110,Arlen Caskey,1998-10-21,acaskey31@seattletimes.com,Male,Austin,United States
111,Timmy Tarbox,1999-02-16,ttarbox32@umich.edu,Male,Mobile,United States
112,Demetria Snoden,1998-04-02,dsnoden33@ezinearticles.com,Female,Charlotte,United States
113,Fredek Evason,1995-10-28,fevason34@nymag.com,Male,Portland,United States
114,Garvy Gabbotts,1998-05-24,ggabbotts35@livejournal.com,Male,Springfield,United States
115,Thurstan Johann,2000-04-19,tjohann36@unicef.org,Male,Aurora,United States
116,Randie Brunner,1998-07-26,rbrunner37@list-manage.com,Female,San Antonio,United States
117,Shina Kleis,1998-06-19,skleis38@discuz.net,Female,Petaluma,United States
118,Dennie Dunnan,1995-12-18,ddunnan39@jigsy.com,Male,Pittsburgh,United States
119,Alta Sabattier,2000-01-18,asabattier3a@edublogs.org,Female,Dayton,United States
120,Collete Isakovitch,1996-01-27,cisakovitch3b@google.com.au,Female,Tyler,United States
121,Elvyn Shrigley,1998-09-10,eshrigley3c@oakley.com,Male,Washington,United States
122,Clio Marvell,1997-04-30,cmarvell3d@ow.ly,Female,Chico,United States
123,Royce Baxill,1997-04-09,rbaxill3e@jigsy.com,Male,Fort Lauderdale,United States
124,Bobby Cargill,1996-01-14,bcargill3f@ebay.com,Female,Rochester,United States
125,Minnnie Stockford,2000-09-19,mstockford3g@soup.io,Female,Fairbanks,United States
126,Erasmus Oylett,1996-04-12,eoylett3h@harvard.edu,Male,Orlando,United States
127,Winnie Dack,2000-02-06,wdack3i@barnesandnoble.com,Female,Anaheim,United States
128,Rinaldo Chate,2000-05-29,rchate3j@nature.com,Male,Philadelphia,United States
129,Sol Elders,1998-06-12,selders3k@ucsd.edu,Male,Richmond,United States
130,Malissa Nand,1996-10-22,mnand3l@dedecms.com,Female,Fort Worth,United States
131,Meredithe Farndell,1998-09-30,mfarndell3m@delicious.com,Female,Boulder,United States
132,Ned Bisatt,1999-10-20,nbisatt3n@ning.com,Male,Los Angeles,United States
133,Corabella Lemin,1999-12-21,clemin3o@europa.eu,Female,Sacramento,United States
134,Felix Paradis,1999-10-13,fparadis3p@free.fr,Male,Jacksonville,United States
135,Warren Aynsley,1999-05-12,waynsley3q@nydailynews.com,Male,Olympia,United States
136,Darcie Rookwell,1997-10-16,drookwell3r@bigcartel.com,Female,San Jose,United States
137,Janna Illston,1999-10-04,jillston3s@bbb.org,Female,San Antonio,United States
138,Menard Hargerie,1999-08-31,mhargerie3t@slideshare.net,Male,Washington,United States
139,Jonathan Silberschatz,2000-08-28,jsilberschatz3u@macromedia.com,Male,Erie,United States
140,Field Matzl,1996-05-29,fmatzl3v@accuweather.com,Male,Newark,United States
141,Olivero Parnell,1998-09-09,oparnell3w@google.co.uk,Male,Austin,United States
142,Beatrix Aish,1999-09-08,baish3x@harvard.edu,Female,Vancouver,United States
143,Guss Nares,2000-01-15,gnares3y@mediafire.com,Male,New Orleans,United States
144,Nerita Paula,1999-06-29,npaula3z@dot.gov,Female,Kansas City,United States
145,Wendeline Witherup,1995-12-09,wwitherup40@bbc.co.uk,Female,Yonkers,United States
146,Lynette Yukhnov,1997-03-04,lyukhnov41@github.io,Female,Charleston,United States
147,Teddie Geindre,1998-10-02,tgeindre42@yolasite.com,Female,Washington,United States
148,Boycie Causton,1997-08-05,bcauston43@mlb.com,Male,Jefferson City,United States
149,Madelin McKeurton,1996-11-24,mmckeurton44@princeton.edu,Female,Schenectady,United States
150,Lucila Vogeler,1998-12-22,lvogeler45@scientificamerican.com,Female,Toledo,United States
151,Bendix Durham,2000-02-13,bdurham46@google.co.uk,Male,Boston,United States
152,Euell Rolfs,1997-04-13,erolfs47@desdev.cn,Male,Shawnee Mission,United States
153,Ronalda Cicconetti,1998-07-28,rcicconetti48@wisc.edu,Female,Cumming,United States
154,Nathanael Birkenshaw,1998-08-25,nbirkenshaw49@dyndns.org,Male,Columbia,United States
155,Sancho Gosden,2000-07-15,sgosden4a@pbs.org,Male,Richmond,United States
156,Guido Leaman,1997-03-18,gleaman4b@flavors.me,Male,Omaha,United States
157,Dorian Coursor,1998-11-09,dcoursor4c@weibo.com,Male,Milwaukee,United States
158,Karlens Tanton,1997-04-23,ktanton4d@reverbnation.com,Male,Oakland,United States
159,Payton MacTrustie,1999-07-12,pmactrustie4e@washingtonpost.com,Male,Simi Valley,United States
160,Dre Ochterlony,1996-08-28,dochterlony4f@unc.edu,Female,Gainesville,United States
161,Alan Akroyd,1999-04-28,aakroyd4g@ovh.net,Male,Chicago,United States
162,Yvor Fussie,1998-04-05,yfussie4h@google.com,Male,New Orleans,United States
163,Mabelle Springham,1997-12-02,mspringham4i@adobe.com,Female,Austin,United States
164,Val Bringloe,1996-03-20,vbringloe4j@soup.io,Female,Maple Plain,United States
165,Sherm Cammidge,1996-12-05,scammidge4k@princeton.edu,Male,Honolulu,United States
166,Carolann Doggerell,1996-01-26,cdoggerell4l@wiley.com,Female,New Orleans,United States
167,Gwyneth Ragge,1998-07-29,gragge4m@com.com,Female,Lafayette,United States
168,Markus Megarrell,1998-03-22,mmegarrell4n@aboutads.info,Male,Orlando,United States
169,Rodolfo Rupel,1998-01-27,rrupel4o@infoseek.co.jp,Male,Delray Beach,United States
170,Meredith Narracott,1995-12-21,mnarracott4p@multiply.com,Male,El Paso,United States
171,Gabriellia Dee,2000-07-31,gdee4q@epa.gov,Female,Reno,United States
172,Harri Wescott,1996-12-15,hwescott4r@google.com.au,Female,Oklahoma City,United States
173,Alyss Frenzl,1998-10-03,afrenzl4s@princeton.edu,Female,Los Angeles,United States
174,Katusha Pellew,1996-06-23,kpellew4t@washingtonpost.com,Female,Norwalk,United States
175,Tucky Guesford,1997-06-04,tguesford4u@google.it,Male,Aurora,United States
176,Urson Hilling,1998-11-29,uhilling4v@dropbox.com,Male,Naperville,United States
177,Roshelle Willshee,2000-04-07,rwillshee4w@netscape.com,Female,Kansas City,United States
178,Timmi Ellacombe,1996-04-27,tellacombe4x@fda.gov,Female,Evansville,United States
179,Andie Yelland,2000-01-22,ayelland4y@creativecommons.org,Male,Carlsbad,United States
180,Kin Bretland,1996-11-16,kbretland4z@storify.com,Male,Columbus,United States
181,Dukie Asif,1997-04-28,dasif50@google.de,Male,Fort Worth,United States
182,Mitch Scrivenor,1998-08-10,mscrivenor51@last.fm,Male,Tampa,United States
183,Alis Standfield,1996-05-07,astandfield52@shutterfly.com,Female,San Francisco,United States
184,Happy Masson,1997-01-09,hmasson53@princeton.edu,Female,Austin,United States
185,Birk Willavize,1998-12-28,bwillavize54@fotki.com,Male,Lexington,United States
186,Melinda Danniel,1996-12-31,mdanniel55@newsvine.com,Female,Indianapolis,United States
187,Lorenza Bankhurst,1997-12-05,lbankhurst56@sphinn.com,Female,Camden,United States
188,Rayshell Boote,1998-04-04,rboote57@jimdo.com,Female,Columbus,United States
189,Connie Edeson,2000-03-27,cedeson58@unicef.org,Female,Grand Rapids,United States
190,Alastair Issacof,2000-04-26,aissacof59@photobucket.com,Male,Lubbock,United States
191,Pippa Feaviour,2000-05-24,pfeaviour5a@so-net.ne.jp,Female,Jamaica,United States
192,Gleda Garling,2000-08-20,ggarling5b@chron.com,Female,Alhambra,United States
193,Pryce Naldrett,2000-03-15,pnaldrett5c@jimdo.com,Male,Carson City,United States
194,Jed Connew,1997-09-24,jconnew5d@csmonitor.com,Male,Englewood,United States
195,Patience Dearsley,1997-12-15,pdearsley5e@homestead.com,Female,Tacoma,United States
196,Murdoch Keogh,2000-05-31,mkeogh5f@yahoo.com,Male,Rochester,United States
197,Farand Rabbatts,1999-11-16,frabbatts5g@typepad.com,Female,West Hartford,United States
198,Arv Stokey,1997-02-06,astokey5h@hostgator.com,Male,Omaha,United States
199,Erminie Wallage,1997-06-18,ewallage5i@scientificamerican.com,Female,Anniston,United States
200,Luis McGlone,1999-04-17,lmcglone5j@paypal.com,Male,Wichita,United States
201,Alleen Cleveley,1999-09-27,acleveley5k@blogtalkradio.com,Female,Lees Summit,United States
202,Edik Andreotti,2000-09-24,eandreotti5l@comsenz.com,Male,Springfield,United States
203,Quillan Redgate,1995-10-11,qredgate5m@about.me,Male,Bethlehem,United States
204,Rory Petzold,1997-02-01,rpetzold5n@sitemeter.com,Male,Charlotte,United States
205,Martha Bilham,1997-05-15,mbilham5o@apple.com,Female,Santa Fe,United States
206,Ethelred Hartmann,1998-06-05,ehartmann5p@wiley.com,Male,Washington,United States
207,Fin Dilliston,1997-10-04,fdilliston5q@harvard.edu,Male,Oklahoma City,United States
208,Maribelle Geale,1996-08-11,mgeale5r@sciencedaily.com,Female,Decatur,United States
209,Krystal Wheelhouse,2000-05-26,kwheelhouse5s@tmall.com,Female,San Francisco,United States
210,Micheal Anstie,1998-11-24,manstie5t@simplemachines.org,Male,Beaumont,United States
211,Ryan Kisbee,1999-05-19,rkisbee5u@usnews.com,Male,Dearborn,United States
212,Alessandro Crolla,1999-11-13,acrolla5v@tmall.com,Male,Independence,United States
213,Meggy Lafuente,2000-08-22,mlafuente5w@trellian.com,Female,Zephyrhills,United States
214,Harmonia Collingdon,1998-06-23,hcollingdon5x@noaa.gov,Female,Houston,United States
215,Beniamino Dabernott,2000-08-17,bdabernott5y@dropbox.com,Male,Vancouver,United States
216,Desiree Warburton,1999-12-04,dwarburton5z@unc.edu,Female,Honolulu,United States
217,Clay Bohlmann,2000-02-13,cbohlmann60@addtoany.com,Male,Pasadena,United States
218,Izzy Bartleman,2000-01-14,ibartleman61@quantcast.com,Male,Wilkes Barre,United States
219,Gideon Woodall,1996-07-12,gwoodall62@desdev.cn,Male,Battle Creek,United States
220,Reba Bruhnke,2000-06-17,rbruhnke63@uiuc.edu,Female,Los Angeles,United States
221,Clemmie Strathe,1996-06-06,cstrathe64@example.com,Female,Seattle,United States
222,Erma Andreone,1999-10-30,eandreone65@instagram.com,Female,Dallas,United States
223,Jonell Lochead,1995-10-28,jlochead66@mapy.cz,Female,Maple Plain,United States
224,Reinaldo Giacopini,1998-03-26,rgiacopini67@pagesperso-orange.fr,Male,Nashville,United States
225,Lavena Garrard,1998-05-31,lgarrard68@about.com,Female,San Diego,United States
226,Beryle McPharlain,1997-02-22,bmcpharlain69@wufoo.com,Female,New York City,United States
227,Gabriele Garfit,1999-09-02,ggarfit6a@technorati.com,Male,Las Vegas,United States
228,Alys Wathan,1999-02-26,awathan6b@bandcamp.com,Female,Beaverton,United States
229,Daryle Louedey,1998-04-03,dlouedey6c@cyberchimps.com,Male,Rochester,United States
230,Cornelius Alsop,1999-09-24,calsop6d@ca.gov,Male,Los Angeles,United States
231,Gwendolen Mayor,1999-06-19,gmayor6e@mozilla.com,Female,Nashville,United States
232,Bjorn Cobon,2000-03-27,bcobon6f@mail.ru,Male,Boise,United States
233,Elton Pietruschka,1996-07-30,epietruschka6g@theglobeandmail.com,Male,Tampa,United States
234,Beilul Basile,1996-06-22,bbasile6h@mapquest.com,Female,Tampa,United States
235,Edmund Swetmore,2000-06-12,eswetmore6i@360.cn,Male,Birmingham,United States
236,Valentino Hatliffe,2000-09-15,vhatliffe6j@thetimes.co.uk,Male,Salt Lake City,United States
237,Johnnie Dobbie,1997-01-27,jdobbie6k@wikimedia.org,Male,Macon,United States
238,Risa Leversuch,1998-09-25,rleversuch6l@adobe.com,Female,Hamilton,United States
239,Myranda Comizzoli,1999-02-22,mcomizzoli6m@psu.edu,Female,Los Angeles,United States
240,Lavena Jacombs,1999-03-16,ljacombs6n@theatlantic.com,Female,Raleigh,United States
241,Lucretia Schober,1996-01-27,lschober6o@omniture.com,Female,Fort Lauderdale,United States
242,Justina Digance,1997-12-05,jdigance6p@webeden.co.uk,Female,Whittier,United States
243,Annemarie Smiz,1996-12-16,asmiz6q@prweb.com,Female,Tucson,United States
244,Alistair Blasoni,1999-05-04,ablasoni6r@sohu.com,Male,Cedar Rapids,United States
245,Rona Martynov,1999-10-06,rmartynov6s@fema.gov,Female,Tulsa,United States
246,Tillie Elmar,1999-07-07,telmar6t@mac.com,Female,Bellevue,United States
247,Bordy Horsey,1998-09-12,bhorsey6u@behance.net,Male,Atlanta,United States
248,Nealy Deadman,1997-06-04,ndeadman6v@msu.edu,Male,Tacoma,United States
249,Britte Stroulger,1999-11-12,bstroulger6w@cdbaby.com,Female,New Orleans,United States
250,Leigh Spat,1998-01-08,lspat6x@umn.edu,Male,Des Moines,United States
251,Theobald Etteridge,2000-04-21,tetteridge6y@eventbrite.com,Male,Huntington,United States
252,Dianna Fetherston,1998-03-20,dfetherston6z@blinklist.com,Female,Des Moines,United States
253,Allister Borthe,1996-11-09,aborthe70@apache.org,Male,Jackson,United States
254,Craig Shemilt,2000-07-11,cshemilt71@examiner.com,Male,Fort Wayne,United States
255,Byrom Topham,1999-04-18,btopham72@shutterfly.com,Male,Clearwater,United States
256,Grange Cadalleder,1999-12-01,gcadalleder73@vk.com,Male,Brooklyn,United States
257,Barbaraanne Higford,1995-11-09,bhigford74@nsw.gov.au,Female,Salinas,United States
258,Angie Butterick,1997-08-01,abutterick75@comcast.net,Female,Seattle,United States
259,Bastian Rapper,1998-09-18,brapper76@technorati.com,Male,Las Vegas,United States
260,Cordell Jaksic,1996-12-06,cjaksic77@aol.com,Male,Atlanta,United States
261,Doloritas Seiffert,1996-10-26,dseiffert78@statcounter.com,Female,Alexandria,United States
262,Tonnie Indgs,1999-07-17,tindgs79@youku.com,Male,Winston Salem,United States
263,Anson Duerdin,1996-08-07,aduerdin7a@nifty.com,Male,Lincoln,United States
264,Niki Neilan,1999-01-23,nneilan7b@imgur.com,Male,Farmington,United States
265,Morrie Pickervance,1997-09-06,mpickervance7c@webeden.co.uk,Male,Pensacola,United States
266,Neil Sarney,2000-02-09,nsarney7d@myspace.com,Male,Atlanta,United States
267,Kimmi Kear,1999-12-01,kkear7e@answers.com,Female,Las Vegas,United States
268,Augustus Cudbertson,1998-01-19,acudbertson7f@macromedia.com,Male,Pittsburgh,United States
269,Jon Purchase,1998-03-18,jpurchase7g@newsvine.com,Male,Saint Cloud,United States
270,Dewitt Wethers,1999-12-08,dwethers7h@last.fm,Male,Pasadena,United States
271,Tracy Kabsch,1996-02-06,tkabsch7i@yandex.ru,Male,Los Angeles,United States
272,Tan Vasilmanov,1995-12-28,tvasilmanov7j@reddit.com,Male,San Jose,United States
273,Wilmar Clinnick,1998-01-30,wclinnick7k@is.gd,Male,Santa Fe,United States
274,Kristyn Gideon,1999-11-07,kgideon7l@de.vu,Female,Knoxville,United States
275,Merola Potbury,1998-04-22,mpotbury7m@dion.ne.jp,Female,Portland,United States
276,Shelbi Wilstead,1998-09-10,swilstead7n@java.com,Female,Anchorage,United States
277,Ruperta Rutt,1997-10-24,rrutt7o@hp.com,Female,Lancaster,United States
278,Abie Bleibaum,1996-02-16,ableibaum7p@hatena.ne.jp,Male,Miami,United States
279,Davey Broxholme,2000-09-29,dbroxholme7q@adobe.com,Male,Midland,United States
280,Kellie Cutriss,1996-02-20,kcutriss7r@boston.com,Female,Alexandria,United States
281,Lauritz Boeter,2000-09-02,lboeter7s@google.pl,Male,Saginaw,United States
282,Yardley Woodford,1996-02-14,ywoodford7t@gravatar.com,Male,Toledo,United States
283,Araldo Walrond,1999-10-24,awalrond7u@infoseek.co.jp,Male,Staten Island,United States
284,Lothario Yurkevich,1996-09-26,lyurkevich7v@clickbank.net,Male,Omaha,United States
285,Avery Saintpierre,1997-07-27,asaintpierre7w@boston.com,Male,Rochester,United States
286,Lyndsay Duffus,1999-03-22,lduffus7x@tiny.cc,Female,Saint Louis,United States
287,Daren Bindin,1996-01-22,dbindin7y@lycos.com,Male,Fort Worth,United States
288,Daryl Grenshields,1998-12-11,dgrenshields7z@uiuc.edu,Male,Houston,United States
289,Thain Balke,2000-04-28,tbalke80@bigcartel.com,Male,Sacramento,United States
290,Bernie Laux,1998-10-16,blaux81@live.com,Male,San Antonio,United States
291,Wendie Sherrock,1999-06-20,wsherrock82@taobao.com,Female,Denver,United States
292,Bartlett Petow,2000-04-20,bpetow83@etsy.com,Male,Philadelphia,United States
293,Iosep Brissenden,1996-06-06,ibrissenden84@netvibes.com,Male,Independence,United States
294,Birch McClunaghan,1995-12-14,bmcclunaghan85@php.net,Male,Champaign,United States
295,Vittoria Pinchin,1997-06-01,vpinchin86@japanpost.jp,Female,Pompano Beach,United States
296,Val Chesney,1995-11-23,vchesney87@jiathis.com,Female,Palmdale,United States
297,Manolo Reeder,2000-01-02,mreeder88@lulu.com,Male,Colorado Springs,United States
298,Ivonne Binny,2000-04-05,ibinny89@ox.ac.uk,Female,Orlando,United States
299,Ava Wathey,1997-01-19,awathey8a@sfgate.com,Female,Amarillo,United States
300,Riva Prescott,1999-01-02,rprescott8b@japanpost.jp,Female,Anchorage,United States
301,Hubert Olivet,2000-08-13,holivet8c@tamu.edu,Male,New York City,United States
302,Margaretta Shilliday,1998-03-23,mshilliday8d@utexas.edu,Female,Alexandria,United States
303,Christen Mulhall,1999-11-01,cmulhall8e@printfriendly.com,Female,Las Vegas,United States
304,Shane Backwell,1999-12-06,sbackwell8f@dailymail.co.uk,Female,Dallas,United States
305,Sherwynd Stuttman,1999-08-12,sstuttman8g@intel.com,Male,Youngstown,United States
306,Aldrich Trevaskis,1997-03-02,atrevaskis8h@cdbaby.com,Male,San Rafael,United States
307,Tallia Maydway,1997-02-13,tmaydway8i@mozilla.com,Female,Aurora,United States
308,Kym Davidavidovics,2000-08-31,kdavidavidovics8j@ask.com,Female,Kansas City,United States
309,Annice Spurway,1999-12-29,aspurway8k@hugedomains.com,Female,Philadelphia,United States
310,Eric Sibborn,1996-05-10,esibborn8l@google.fr,Male,Cedar Rapids,United States
311,Ermentrude Aiton,1998-07-09,eaiton8m@reddit.com,Female,Evansville,United States
312,Nananne Seaking,1997-09-19,nseaking8n@dailymotion.com,Female,Richmond,United States
313,Sarge Tittletross,1999-11-01,stittletross8o@stumbleupon.com,Male,Lincoln,United States
314,Silvie Lewington,1995-10-28,slewington8p@unc.edu,Female,Orlando,United States
315,Victor Wreakes,1995-10-16,vwreakes8q@bizjournals.com,Male,Philadelphia,United States
316,Carlos Noto,1996-02-10,cnoto8r@phoca.cz,Male,San Diego,United States
317,Micheal Clarkin,1999-04-16,mclarkin8s@example.com,Male,Paterson,United States
318,Franklin Parrington,1995-11-15,fparrington8t@tripod.com,Male,San Antonio,United States
319,Valina Camp,1999-09-22,vcamp8u@cnet.com,Female,Fort Worth,United States
320,Garret Boseley,1999-09-09,gboseley8v@usnews.com,Male,Minneapolis,United States
321,Calli Fairburn,1999-11-29,cfairburn8w@google.com.hk,Female,Little Rock,United States
322,Freida Burren,1998-04-06,fburren8x@examiner.com,Female,Phoenix,United States
323,Gunilla Piletic,2000-07-11,gpiletic8y@storify.com,Female,Los Angeles,United States
324,Estell Mousley,2000-03-26,emousley8z@aboutads.info,Female,Stamford,United States
325,Ginger Hellard,1999-12-19,ghellard90@marketwatch.com,Female,Los Angeles,United States
326,Bengt Fawdrie,1996-01-11,bfawdrie91@tripod.com,Male,Wichita,United States
327,Leicester Chetwind,2000-10-06,lchetwind92@dropbox.com,Male,Durham,United States
328,Haskell Nabbs,1995-11-12,hnabbs93@hhs.gov,Male,Providence,United States
329,Danice Sheard,1996-11-13,dsheard94@scientificamerican.com,Female,Topeka,United States
330,Wyndham Jereatt,1996-01-24,wjereatt95@geocities.com,Male,Annapolis,United States
331,Lolly Adriano,1998-06-27,ladriano96@utexas.edu,Female,Phoenix,United States
332,Bess Peckham,2000-08-31,bpeckham97@hhs.gov,Female,Monticello,United States
333,Barbaraanne Alliban,1998-08-05,balliban98@unblog.fr,Female,Maple Plain,United States
334,Johnnie Duly,1996-05-22,jduly99@github.com,Male,Raleigh,United States
335,Allys Baldazzi,2000-10-01,abaldazzi9a@goo.gl,Female,Naperville,United States
336,Stavro Pendlebery,1999-11-12,spendlebery9b@tiny.cc,Male,Saint Louis,United States
337,Tiertza Armsden,1996-05-10,tarmsden9c@zimbio.com,Female,Richmond,United States
338,Nisse Bartlam,1998-09-27,nbartlam9d@pinterest.com,Female,Cincinnati,United States
339,Torrance Bittlestone,1999-08-17,tbittlestone9e@bloomberg.com,Male,Shawnee Mission,United States
340,Tymon Mewes,1996-07-21,tmewes9f@icq.com,Male,Tacoma,United States
341,Nannie Mahood,1998-08-09,nmahood9g@ow.ly,Female,San Antonio,United States
342,Benjamin Silcox,1999-08-28,bsilcox9h@woothemes.com,Male,Harrisburg,United States
343,Sean Cowcha,1995-10-22,scowcha9i@nyu.edu,Male,Wilmington,United States
344,Tarra Butterfill,1999-06-04,tbutterfill9j@angelfire.com,Female,Pittsburgh,United States
345,Filip Hallex,1998-03-24,fhallex9k@about.com,Male,Washington,United States
346,Marieann Terrelly,1997-11-02,mterrelly9l@omniture.com,Female,South Bend,United States
347,Nanine Lewzey,1997-05-26,nlewzey9m@unc.edu,Female,Los Angeles,United States
348,Cathy Pointing,1998-05-10,cpointing9n@nytimes.com,Female,Milwaukee,United States
349,Terry Guittet,1998-09-21,tguittet9o@bluehost.com,Female,Seattle,United States
350,Karita Penhearow,1999-11-01,kpenhearow9p@free.fr,Female,Newark,United States
351,Burr Geelan,1996-02-19,bgeelan9q@angelfire.com,Male,Pasadena,United States
352,Rozele Fillery,1997-07-20,rfillery9r@histats.com,Female,San Angelo,United States
353,Adrian Biddell,1995-11-05,abiddell9s@nasa.gov,Female,Houston,United States
354,Margaux Luard,1996-04-04,mluard9t@a8.net,Female,Huntsville,United States
355,Denny Tilston,1996-10-12,dtilston9u@ustream.tv,Female,Dallas,United States
356,Dulce Tempest,1995-10-19,dtempest9v@whitehouse.gov,Female,New York City,United States
357,Donetta Charlet,2000-10-07,dcharlet9w@pbs.org,Female,Boston,United States
358,Antonia Gilks,1999-12-04,agilks9x@so-net.ne.jp,Female,Colorado Springs,United States
359,Emmet Goalley,1997-09-25,egoalley9y@boston.com,Male,Oklahoma City,United States
360,Krissy Erlam,1997-01-26,kerlam9z@omniture.com,Female,Baltimore,United States
361,Isahella Elsegood,1996-06-06,ielsegooda0@cpanel.net,Female,San Francisco,United States
362,Ddene Saylor,1996-04-07,dsaylora1@wikipedia.org,Female,Springfield,United States
363,Bethanne Easum,1999-09-29,beasuma2@marketwatch.com,Female,Chandler,United States
364,Carmine Murtell,1996-09-07,cmurtella3@tumblr.com,Female,Las Vegas,United States
365,Theresita Veysey,1999-03-06,tveyseya4@nationalgeographic.com,Female,Madison,United States
366,Clevie Lefridge,1998-04-26,clefridgea5@slideshare.net,Male,Fullerton,United States
367,Ardenia Meas,1997-05-05,ameasa6@gravatar.com,Female,Amarillo,United States
368,Sherlock Pracy,2000-04-06,spracya7@yandex.ru,Male,Brooklyn,United States
369,Hagan Ugolotti,1999-10-16,hugolottia8@elegantthemes.com,Male,New Orleans,United States
370,Cal Jocic,1997-11-25,cjocica9@omniture.com,Male,Indianapolis,United States
371,Vittoria Bumfrey,1997-04-21,vbumfreyaa@sphinn.com,Female,Seattle,United States
372,Kettie Carrane,2000-07-03,kcarraneab@mapquest.com,Female,Springfield,United States
373,Tina Meriott,1999-10-23,tmeriottac@vkontakte.ru,Female,Savannah,United States
374,Remy Comoletti,1996-08-20,rcomolettiad@answers.com,Female,Salinas,United States
375,Flori Sivier,1997-04-30,fsivierae@discuz.net,Female,Lincoln,United States
376,Laney Dumbelton,1997-06-07,ldumbeltonaf@spotify.com,Female,Richmond,United States
377,Aurthur Cowoppe,1998-10-12,acowoppeag@earthlink.net,Male,Anniston,United States
378,Jenica Drysdall,1995-10-26,jdrysdallah@acquirethisname.com,Female,Cincinnati,United States
379,Hersch Jell,2000-04-12,hjellai@oaic.gov.au,Male,Florence,United States
380,Erny Sine,1995-11-08,esineaj@newsvine.com,Male,Melbourne,United States
381,Roslyn Sich,1997-12-03,rsichak@hao123.com,Female,Sacramento,United States
382,Krystle Henri,1996-07-16,khenrial@nsw.gov.au,Female,Annapolis,United States
383,Maurie Fairham,1997-02-26,mfairhamam@bing.com,Male,Madison,United States
384,Jedd Broxis,1999-12-21,jbroxisan@time.com,Male,Warren,United States
385,Wait Camerati,1998-03-02,wcameratiao@hibu.com,Male,Chicago,United States
386,Anjela Meni,1997-01-02,ameniap@amazon.co.jp,Female,Omaha,United States
387,Maighdiln Larne,1996-11-08,mlarneaq@webmd.com,Female,Bakersfield,United States
388,Darcy Gallear,1999-06-26,dgallearar@cbslocal.com,Male,Evansville,United States
389,Jilleen Menauteau,1997-11-03,jmenauteauas@tripod.com,Female,Minneapolis,United States
390,Betsy Deaville,1996-05-28,bdeavilleat@booking.com,Female,Omaha,United States
391,Araldo Thomas,1999-01-05,athomasau@dyndns.org,Male,Baton Rouge,United States
392,Nan Gottelier,1997-10-20,ngottelierav@baidu.com,Female,Dulles,United States
393,Culley Pattesall,1999-06-27,cpattesallaw@wired.com,Male,Pasadena,United States
394,Bren Bambra,1997-12-24,bbambraax@marketwatch.com,Female,Washington,United States
395,Esmeralda Slipper,1999-05-31,eslipperay@devhub.com,Female,Las Vegas,United States
396,Pepi Kless,1995-11-09,pklessaz@businessweek.com,Female,Tucson,United States
397,Tedmund Webborn,1996-10-25,twebbornb0@unc.edu,Male,Toledo,United States
398,Reeba Taylder,1999-08-31,rtaylderb1@purevolume.com,Female,New Orleans,United States
399,Bryana Piper,1998-04-17,bpiperb2@issuu.com,Female,Shreveport,United States
400,Silvio Elphey,1997-02-26,selpheyb3@reference.com,Male,Toledo,United States
401,Helena Narracott,1999-04-05,hnarracottb4@spotify.com,Female,San Jose,United States
402,Bobbie Mathouse,1996-06-05,bmathouseb5@ehow.com,Male,Hollywood,United States
403,Alexandro Stent,1998-10-26,astentb6@dedecms.com,Male,Sacramento,United States
404,Kirsten Beels,1997-11-09,kbeelsb7@zimbio.com,Female,Newton,United States
405,Corinne MacNelly,1998-09-22,cmacnellyb8@businesswire.com,Female,Joliet,United States
406,Kelcey Barrott,1998-09-30,kbarrottb9@nifty.com,Female,Albany,United States
407,Nessy Keyson,1999-08-04,nkeysonba@yale.edu,Female,Seattle,United States
408,Kimbell Hernik,2000-01-07,khernikbb@deliciousdays.com,Male,Hyattsville,United States
409,Corney Kobus,2000-07-11,ckobusbc@jimdo.com,Male,San Antonio,United States
410,Jenda Bricket,2000-01-05,jbricketbd@google.ca,Female,New York City,United States
411,Clementine Rann,1999-12-24,crannbe@cbc.ca,Female,Nashville,United States
412,Jervis Burchell,1996-02-01,jburchellbf@nifty.com,Male,Sacramento,United States
413,Curcio Searby,1999-06-03,csearbybg@parallels.com,Male,Savannah,United States
414,Alphard Britcher,1999-04-03,abritcherbh@latimes.com,Male,Brooklyn,United States
415,Crystal Alywin,1996-05-17,calywinbi@comcast.net,Female,Bakersfield,United States
416,Petrina Shacklady,1998-08-14,pshackladybj@google.pl,Female,Pittsburgh,United States
417,Rodolfo Antosch,1997-08-03,rantoschbk@disqus.com,Male,Lafayette,United States
418,Benji Starkings,1998-06-30,bstarkingsbl@gizmodo.com,Male,Stamford,United States
419,Jerald Bakesef,1996-01-27,jbakesefbm@slideshare.net,Male,Annapolis,United States
420,Blakelee Vanner,1999-04-26,bvannerbn@cam.ac.uk,Female,Corpus Christi,United States
421,Frederigo Hendonson,1997-07-11,fhendonsonbo@auda.org.au,Male,Dallas,United States
422,Lexy Pritchett,1998-12-19,lpritchettbp@wired.com,Female,Biloxi,United States
423,Emmett Rewcassell,1998-12-27,erewcassellbq@themeforest.net,Male,Fort Smith,United States
424,Patricio Chumley,1997-06-23,pchumleybr@bluehost.com,Male,Sacramento,United States
425,Ravi Ungerecht,1997-03-02,rungerechtbs@shop-pro.jp,Male,Los Angeles,United States
426,Cris Ribbon,1997-03-26,cribbonbt@mit.edu,Male,Harrisburg,United States
427,Riobard Gyver,1999-10-19,rgyverbu@yandex.ru,Male,Corona,United States
428,Gardiner Goodlud,2000-09-20,ggoodludbv@china.com.cn,Male,Spring,United States
429,Tabina Josefsen,1998-03-07,tjosefsenbw@hud.gov,Female,Joliet,United States
430,Korrie Chapple,2000-05-31,kchapplebx@discuz.net,Female,Bethlehem,United States
431,Lowe Joddens,1999-09-16,ljoddensby@hp.com,Male,Vancouver,United States
432,Cy Paulisch,1997-01-22,cpaulischbz@economist.com,Male,Atlanta,United States
433,Neville East,2000-03-04,neastc0@linkedin.com,Male,Evansville,United States
434,Victoria Moston,1996-04-14,vmostonc1@uiuc.edu,Female,Honolulu,United States
435,Jody Yalden,1998-03-06,jyaldenc2@weibo.com,Female,Albany,United States
436,Jessamyn Dann,1999-05-17,jdannc3@google.com.hk,Female,Wilmington,United States
437,Kristopher Van der Baaren,2000-06-02,kvanc4@japanpost.jp,Male,Columbia,United States
438,Ty Foden,1997-11-11,tfodenc5@washingtonpost.com,Male,Fort Pierce,United States
439,Prisca Highton,1998-01-26,phightonc6@ocn.ne.jp,Female,Madison,United States
440,Alix Gallandre,1998-11-07,agallandrec7@amazon.com,Male,Birmingham,United States
441,Reeta Danielsky,2000-08-18,rdanielskyc8@xing.com,Female,Jackson,United States
442,Wayland Vinick,1996-03-09,wvinickc9@privacy.gov.au,Male,Schaumburg,United States
443,Sully Lowne,1999-01-05,slowneca@auda.org.au,Male,Bakersfield,United States
444,Retha Climie,1997-01-08,rclimiecb@symantec.com,Female,Rockford,United States
445,Pete Caulkett,2000-01-10,pcaulkettcc@spiegel.de,Male,Cincinnati,United States
446,Marc Jupp,1999-07-14,mjuppcd@ycombinator.com,Male,Little Rock,United States
447,Domenic Cavolini,1997-01-15,dcavolinice@answers.com,Male,Evansville,United States
448,Merissa Wiltshire,1998-07-20,mwiltshirecf@umich.edu,Female,Akron,United States
449,Avrom Billany,2000-09-05,abillanycg@123-reg.co.uk,Male,Detroit,United States
450,Culley Ainscough,1995-11-30,cainscoughch@furl.net,Male,Dayton,United States
451,Hyacinth Shird,1996-10-04,hshirdci@trellian.com,Female,Kansas City,United States
452,Trudi Lehon,1999-08-05,tlehoncj@liveinternet.ru,Female,Charlotte,United States
453,Myer Crebo,1999-06-21,mcrebock@addtoany.com,Male,Jamaica,United States
454,Borg Yannikov,2000-04-11,byannikovcl@shareasale.com,Male,Dayton,United States
455,Dionisio McRoberts,1998-06-14,dmcrobertscm@mozilla.org,Male,Stamford,United States
456,Saunder Fenner,1995-10-17,sfennercn@berkeley.edu,Male,Cedar Rapids,United States
457,Sinclare Keeves,1996-02-25,skeevesco@businesswire.com,Male,Duluth,United States
458,Godiva Sewards,1996-10-17,gsewardscp@sphinn.com,Female,Santa Barbara,United States
459,Onofredo Asple,1999-06-20,oasplecq@bandcamp.com,Male,Saint Paul,United States
460,Hobey Avramchik,1997-08-31,havramchikcr@example.com,Male,Arlington,United States
461,Roarke Wharton,1998-11-19,rwhartoncs@tiny.cc,Male,Brooklyn,United States
462,Davie Howard,1996-08-11,dhowardct@usgs.gov,Male,Lynchburg,United States
463,Ax Thorburn,1997-05-02,athorburncu@sun.com,Male,Tampa,United States
464,Valentijn Biesinger,1999-02-01,vbiesingercv@taobao.com,Male,Sacramento,United States
465,Britt Vedeniktov,1998-04-13,bvedeniktovcw@newsvine.com,Female,Frankfort,United States
466,Sergio Hanaby,1999-04-08,shanabycx@craigslist.org,Male,Shawnee Mission,United States
467,Kirk Kimmel,2000-05-10,kkimmelcy@google.es,Male,Miami,United States
468,Andie Guirardin,1999-05-08,aguirardincz@amazonaws.com,Female,Omaha,United States
469,Fairfax Mapis,1997-08-18,fmapisd0@globo.com,Male,Mobile,United States
470,Winnah Champness,1998-05-02,wchampnessd1@elegantthemes.com,Female,Montgomery,United States
471,Tove Shera,1997-08-13,tsherad2@lulu.com,Female,Des Moines,United States
472,Teresina Saundercock,1996-08-30,tsaundercockd3@indiegogo.com,Female,Pompano Beach,United States
473,Carla Diemer,2000-07-25,cdiemerd4@sun.com,Female,Wichita,United States
474,Jade Hove,1998-09-03,jhoved5@cbsnews.com,Female,Naples,United States
475,Aldric Cornels,1995-11-05,acornelsd6@jugem.jp,Male,Cincinnati,United States
476,Marley Turford,1996-05-21,mturfordd7@sciencedirect.com,Female,Richmond,United States
477,Marabel Clowes,2000-02-05,mclowesd8@bloomberg.com,Female,Oklahoma City,United States
478,Bartholomew Offer,1996-08-18,bofferd9@yale.edu,Male,Port Washington,United States
479,Lindy Aluard,1998-01-08,laluardda@pbs.org,Female,Columbus,United States
480,Shepard Baume,1997-12-11,sbaumedb@bloglovin.com,Male,Trenton,United States
481,Arnoldo Towey,1999-05-08,atoweydc@noaa.gov,Male,Richmond,United States
482,Hamnet Dumbrall,1996-10-19,hdumbralldd@pcworld.com,Male,Saint Louis,United States
483,Adara Brockie,2000-07-15,abrockiede@mac.com,Female,New Orleans,United States
484,Gonzales Azemar,2000-05-31,gazemardf@webeden.co.uk,Male,Houston,United States
485,Ximenes Farnham,1999-04-09,xfarnhamdg@ucoz.com,Male,Roanoke,United States
486,Joshua Amys,1998-04-12,jamysdh@soundcloud.com,Male,Trenton,United States
487,Ruthann Alderwick,1998-06-10,ralderwickdi@tuttocitta.it,Female,Saint Petersburg,United States
488,Winfield Dodding,1995-11-30,wdoddingdj@bizjournals.com,Male,Philadelphia,United States
489,Carolan Prandini,1996-07-06,cprandinidk@deliciousdays.com,Female,West Palm Beach,United States
490,Batholomew Priestman,1996-07-01,bpriestmandl@icq.com,Male,Irvine,United States
491,Andrus Antoni,1999-11-11,aantonidm@parallels.com,Male,Buffalo,United States
492,Betty Swinyard,1997-11-10,bswinyarddn@gizmodo.com,Female,Montgomery,United States
493,Ellene Augustin,1996-09-04,eaugustindo@wufoo.com,Female,Oklahoma City,United States
494,Briggs Moorfield,1999-01-01,bmoorfielddp@myspace.com,Male,Atlanta,United States
495,Matias Salla,2000-04-08,msalladq@bbb.org,Male,Young America,United States
496,Granville Fritz,2000-06-07,gfritzdr@dedecms.com,Male,Hyattsville,United States
497,Carilyn Creboe,1995-10-30,ccreboeds@psu.edu,Female,Grand Junction,United States
498,Alain Kun,2000-05-13,akundt@clickbank.net,Male,Conroe,United States
499,Bathsheba Candie,1997-10-21,bcandiedu@forbes.com,Female,Saint Louis,United States
500,Ilise Barfoot,1997-09-09,ibarfootdv@google.com,Female,Fort Wayne,United States
